Name,Season,Age,Club,Country,Comp,LgRank,90s,Cmp,Att,Cmpper,TotDist,PrgDist,SCmp,SAtt,SCmp%,MCmp,MAtt,MCmp%,LCmp,LAtt,LCmp%,Ast,xA,A-xA,KP,Final,PPA,CrsPA,Prog,Live,Dead,FK,TB,Press,Sw,Crs,CK,In,Out,Str,Ground,Low,High,Left,Right,Head,TI,Other,Cmp??,Off,Out,Int,Blocks,Matches
Frenkie deJong,2019-2020,22,Barcelona,es ESP,1. La Liga,2nd,23.5,1536,1661,92.5,25880,6035,33,58,56.9,1255,1330,94.4,248,273,90.8,2,2.4,-0.4,23,154,21,2,113,1630,31,17,9,315,28,4,1,0,0,0,1361,192,108,85,1520,35,13,3,1536,5,9,26,22,Matches
Arthur Melo,2018-2019,21,Barcelona,es ESP,1. La Liga,1st,15.9,1211,1302,93,21656,4702,20,30,66.7,941,988,95.2,250,284,88,1,1.8,-0.8,17,139,8,0,83,1270,32,24,4,224,21,4,4,0,1,0,1131,102,69,49,1227,14,4,7,1211,6,7,17,10,Matches
Arthur Melo,2019-2020,22,Barcelona,es ESP,1. La Liga,2nd,13.1,961,1060,90.7,16631,3246,24,46,52.2,764,812,94.1,173,202,85.6,3,1.1,1.9,10,101,12,0,57,1012,48,25,2,205,23,14,14,6,3,1,852,137,71,36,996,16,9,2,961,3,9,10,19,Matches
Sergio Busquets,2017-2018,29,Barcelona,es ESP,1. La Liga,1st,28.8,1945,2173,89.5,37505,11134,24,41,58.5,1466,1606,91.3,455,526,86.5,2,1.7,0.3,23,203,14,0,179,2115,58,56,1,400,51,0,0,0,0,0,1758,202,213,372,1678,85,1,5,1945,5,15,31,23,Matches
Sergio Busquets,2018-2019,30,Barcelona,es ESP,1. La Liga,1st,30.2,2163,2397,90.2,40275,10802,46,75,61.3,1651,1789,92.3,466,533,87.4,1,1.1,-0.1,15,239,15,0,175,2298,99,95,4,363,62,2,0,0,0,0,1911,235,251,384,1876,99,4,9,2163,3,19,37,37,Matches
Sergio Busquets,2019-2020,31,Barcelona,es ESP,1. La Liga,2nd,27.6,2332,2584,90.2,42551,11344,57,89,64,1838,1991,92.3,437,504,86.7,2,2.8,-0.8,22,238,29,0,194,2489,95,90,14,400,52,1,0,0,0,0,1955,345,284,395,2082,69,4,8,2332,9,28,36,26,Matches
Ivan Rakitic,2017-2018,29,Barcelona,es ESP,1. La Liga,1st,31.5,2249,2533,88.8,42159,11840,22,49,44.9,1757,1888,93.1,470,596,78.9,3,3.9,-0.9,29,244,38,3,217,2452,81,24,6,393,75,56,46,3,4,1,2092,191,250,295,2129,75,10,11,2249,9,18,39,41,Matches
Ivan Rakitic,2018-2019,30,Barcelona,es ESP,1. La Liga,1st,29.4,2357,2602,90.6,43441,11078,42,65,64.6,1829,1952,93.7,486,585,83.1,5,2.1,2.9,16,275,34,4,199,2534,68,41,8,382,79,24,7,2,2,0,2130,220,252,335,2149,67,20,16,2357,15,19,36,30,Matches
Ivan Rakitic,2019-2020,31,Barcelona,es ESP,1. La Liga,2nd,17.7,1322,1485,89,22986,5160,45,64,70.3,1037,1136,91.3,240,285,84.2,3,1.6,1.4,18,119,20,0,88,1410,75,33,6,170,47,32,31,17,4,1,1109,209,167,174,1237,45,11,8,1322,4,9,26,24,Matches
Arturo Vidal,2017-2018,30,Barcelona,de GER,1. Bundesliga,1st,16.2,1046,1186,88.2,20254,4589,16,31,51.6,780,863,90.4,250,292,85.6,2,2.4,-0.4,24,98,21,1,98,1151,35,22,2,226,41,8,2,1,0,1,819,199,168,188,905,57,11,7,1046,6,15,10,13,Matches
Arturo Vidal,2018-2019,31,Barcelona,es ESP,1. La Liga,1st,21.4,1356,1503,90.2,22672,4574,27,48,56.3,1125,1200,93.8,204,255,80,7,5,2,22,97,23,0,82,1471,32,25,8,292,38,6,1,0,0,0,1256,119,128,215,1213,43,6,6,1356,5,13,16,18,Matches
Arturo Vidal,2019-2020,32,Barcelona,es ESP,1. La Liga,2nd,18.6,1115,1252,89.1,17954,3708,32,60,53.3,934,1016,91.9,149,176,84.7,2,3.3,-1.3,21,69,14,2,64,1230,22,14,4,201,23,12,1,0,0,0,970,175,107,199,994,23,7,3,1115,3,8,18,27,Matches
Riqui Puig,2018-2019,18,Barcelona,es ESP,1. La Liga,1st,1.7,111,122,91,1817,255,1,1,100,96,104,92.3,14,17,82.4,0,0.6,-0.6,2,13,1,0,6,121,1,1,2,23,4,0,0,0,0,0,111,6,5,6,115,0,0,0,111,1,1,1,1,Matches
Riqui Puig,2019-2020,19,Barcelona,es ESP,1. La Liga,2nd,5.7,394,433,91,6796,1044,13,21,61.9,306,331,92.4,75,81,92.6,2,1.8,0.2,10,31,8,0,21,425,8,3,2,70,10,1,3,1,0,0,337,64,32,23,399,4,2,5,394,1,1,3,8,Matches
Carles Alena,2018-2019,20,Barcelona,es ESP,1. La Liga,1st,7.1,540,587,92,9394,1852,6,14,42.9,432,456,94.7,102,117,87.2,0,0.6,-0.6,9,58,5,0,40,575,12,5,1,106,13,3,1,0,0,0,497,59,31,545,29,4,6,1,540,2,4,6,9,Matches
Federico Valverde,2017-2018,19,Real Madrid,es ESP,1. La Liga,18th,13.7,451,595,75.8,8686,2312,2,9,22.2,354,446,79.4,95,140,67.9,0,0.6,-0.6,11,60,11,2,56,583,12,4,0,107,29,13,2,0,0,0,419,58,118,52,493,35,3,3,451,0,15,16,19,Matches
Federico Valverde,2018-2019,20,Real Madrid,es ESP,1. La Liga,3rd,7.3,325,367,88.6,5615,1612,3,8,37.5,258,280,92.1,64,79,81,0,0.4,-0.4,9,41,7,1,33,363,4,2,2,65,14,4,2,1,1,0,287,47,33,22,329,11,0,0,325,1,3,8,4,Matches
Federico Valverde,2019-2020,21,Real Madrid,es ESP,1. La Liga,1st,21.2,985,1119,88,16346,3944,23,39,59,808,885,91.3,154,195,79,5,3.5,1.5,19,77,17,3,79,1107,12,7,5,141,32,16,0,0,0,0,884,135,100,87,967,41,5,2,985,2,11,22,18,Matches
Luka Modric,2017-2018,31,Real Madrid,es ESP,1. La Liga,3rd,21.8,1370,1548,88.5,26440,8203,14,29,48.3,1056,1145,92.2,300,374,80.2,5,4.3,0.7,39,179,49,3,172,1521,27,15,8,253,52,19,8,0,0,0,1248,106,194,194,1320,23,2,3,1370,6,17,38,24,Matches
Luka Modric,2018-2019,32,Real Madrid,es ESP,1. La Liga,3rd,29,1725,1981,87.1,32100,8616,26,65,40,1309,1420,92.2,390,496,78.6,6,3.2,2.8,48,205,41,5,197,1881,100,50,9,320,96,73,37,0,1,4,1475,244,262,248,1659,48,13,9,1725,7,22,34,46,Matches
Luka Modric,2019-2020,33,Real Madrid,es ESP,1. La Liga,1st,22.2,1278,1478,86.5,23874,6221,32,71,45.1,944,1024,92.2,302,383,78.9,7,3.4,3.6,42,123,31,6,142,1406,72,47,2,231,78,53,22,5,13,0,1057,214,207,160,1249,40,3,16,1278,5,18,14,37,Matches
Toni Kroos,2017-2018,27,Real Madrid,es ESP,1. La Liga,3rd,25.1,1919,2160,88.8,38649,12092,25,35,71.4,1385,1476,93.8,509,649,78.4,5,5.8,-0.8,66,275,36,6,274,1963,197,71,2,339,126,148,117,1,4,0,1680,139,341,330,1791,19,9,5,1919,5,13,32,21,Matches
Toni Kroos,2018-2019,28,Real Madrid,es ESP,1. La Liga,3rd,24.7,1966,2204,89.2,39897,11028,29,53,54.7,1416,1489,95.1,521,662,78.7,4,3.9,0.1,60,225,17,3,216,1963,241,115,5,297,159,136,118,8,19,10,1639,181,384,293,1861,28,8,6,1966,13,12,15,23,Matches
Toni Kroos,2019-2020,29,Real Madrid,es ESP,1. La Liga,1st,29.5,2233,2512,88.9,44640,11749,40,56,71.4,1622,1700,95.4,571,756,75.5,5,4.4,0.6,63,254,37,7,235,2239,273,127,5,290,202,147,140,36,45,9,1836,230,446,407,2062,23,6,5,2233,13,30,23,15,Matches
Casemiro,2017-2018,25,Real Madrid,es ESP,1. La Liga,3rd,28.8,1515,1736,87.3,30103,7802,18,40,45,1113,1229,90.6,384,467,82.2,3,2.1,0.9,20,148,16,3,125,1712,24,22,3,280,86,8,0,0,0,0,1283,152,301,159,1445,92,1,9,1515,7,22,21,29,Matches
Casemiro,2018-2019,26,Real Madrid,es ESP,1. La Liga,3rd,25.7,1438,1629,88.3,28199,7180,28,46,60.9,1044,1140,91.6,366,443,82.6,0,0.6,-0.6,13,110,14,1,110,1574,55,50,0,224,76,8,0,0,0,0,1165,213,251,154,1341,82,5,9,1438,10,20,12,19,Matches
Casemiro,2019-2020,27,Real Madrid,es ESP,1. La Liga,1st,34.3,1826,2186,83.5,37514,9485,46,82,56.1,1289,1453,88.7,491,651,75.4,3,0.3,2.7,9,183,21,4,152,2133,53,53,8,345,151,23,0,0,0,0,1379,322,485,192,1795,115,0,20,1826,8,36,36,35,Matches
Saul Niguez,2017-2018,22,Atletico Madrid,es ESP,1. La Liga,2nd,35.1,1413,1747,80.9,24097,7374,21,45,46.7,1169,1375,85,223,327,68.2,4,2.8,1.2,21,151,22,2,176,1724,23,3,0,328,24,19,0,0,0,0,1232,225,290,1226,290,157,17,8,1413,10,26,28,38,Matches
Saul Niguez,2018-2019,23,Atletico Madrid,es ESP,1. La Liga,2nd,32.5,1246,1619,77,20665,6330,17,56,30.4,1042,1240,84,187,323,57.9,1,1.4,-0.4,15,109,23,5,138,1524,95,11,3,298,24,49,0,0,0,0,1037,272,310,1082,251,141,81,4,1246,4,33,46,48,Matches
Saul Niguez,2019-2020,24,Atletico Madrid,es ESP,1. La Liga,3rd,34.1,1376,1732,79.4,24196,8563,33,78,42.3,1097,1309,83.8,246,345,71.3,0,1.6,-1.6,18,135,23,3,192,1639,93,22,2,282,36,30,0,0,0,0,1034,314,384,1198,254,130,68,8,1376,9,29,27,45,Matches
Koke,2017-2018,25,Atletico Madrid,es ESP,1. La Liga,2nd,30.6,1659,2078,79.8,29674,9591,34,60,56.7,1296,1466,88.4,329,552,59.6,3,7.5,-4.5,54,188,37,2,221,1914,164,68,4,380,80,138,87,0,0,0,1511,160,407,185,1823,51,4,6,1659,19,25,38,47,Matches
Koke,2018-2019,26,Atletico Madrid,es ESP,1. La Liga,2nd,28.7,1698,2057,82.5,28913,8922,46,72,63.9,1357,1484,91.4,295,501,58.9,5,3.3,1.7,59,181,35,5,191,1892,165,65,6,328,58,118,85,12,11,5,1423,229,405,176,1783,65,11,10,1698,8,28,31,37,Matches
Koke,2019-2020,27,Atletico Madrid,es ESP,1. La Liga,3rd,30,1436,1752,82,22519,6076,63,96,65.6,1177,1301,90.5,196,355,55.2,5,5.3,-0.3,57,119,23,5,156,1587,165,84,9,258,34,87,63,15,28,4,1204,237,311,141,1509,67,6,7,1436,16,27,24,30,Matches
Thomas Partey,2017-2018,24,Atletico Madrid,es ESP,1. La Liga,2nd,26.4,1190,1448,82.2,22438,6658,12,26,46.2,919,1070,85.9,259,352,73.6,0,0.5,-0.5,12,124,19,2,125,1406,42,8,0,291,44,20,5,0,0,0,1076,169,203,83,1234,69,26,9,1190,7,25,26,30,Matches
Thomas Partey,2018-2019,25,Atletico Madrid,es ESP,1. La Liga,2nd,23,1170,1406,83.2,21496,6716,15,32,46.9,919,1034,88.9,236,340,69.4,4,1.1,2.9,18,127,24,2,149,1338,68,32,3,251,52,27,18,0,1,0,995,207,204,90,1226,45,15,4,1170,9,24,32,18,Matches
Thomas Partey,2019-2020,26,Atletico Madrid,es ESP,1. La Liga,3rd,28.3,1414,1704,83,26582,8532,38,60,63.3,1074,1203,89.3,302,441,68.5,0,1,-1,17,179,21,1,186,1635,69,49,7,298,52,26,16,5,8,2,1152,249,303,120,1467,63,4,4,1414,11,32,25,25,Matches
Ever Banega,2017-2018,29,Sevilla,es ESP,1. La Liga,7th,26.7,1846,2265,81.5,37998,13553,10,37,27,1325,1471,90.1,511,757,67.5,3,5.3,-2.3,70,281,37,4,362,2069,196,96,2,393,96,144,89,0,0,0,1670,163,432,234,1969,44,10,3,1846,20,36,47,50,Matches
Ever Banega,2018-2019,30,Sevilla,es ESP,1. La Liga,6th,29.6,1820,2208,82.4,40151,13352,18,52,34.6,1237,1357,91.2,565,799,70.7,5,3.5,1.5,52,224,40,5,303,1966,242,140,2,401,136,131,94,10,8,6,1475,255,478,228,1911,47,7,5,1820,10,29,43,47,Matches
Ever Banega,2019-2020,31,Sevilla,es ESP,1. La Liga,4th,27.5,1950,2372,82.2,42571,12818,21,62,33.9,1347,1506,89.4,582,804,72.4,7,5,2,59,268,33,7,304,2113,259,128,12,345,193,163,122,42,57,0,1550,319,503,211,2092,42,9,5,1950,16,44,41,54,Matches
Gudelj,2019-2020,27,Sevilla,es ESP,1. La Liga,4th,13.5,614,678,90.6,11782,2334,11,20,55,458,487,94,145,171,84.8,0,0.1,-0.1,2,38,3,1,23,649,29,28,0,86,24,3,0,0,0,0,541,68,69,42,577,39,1,6,614,0,12,2,7,Matches
Oliver Torres,2019-2020,24,Sevilla,es ESP,1. La Liga,4th,17.7,810,994,81.5,16210,4067,20,48,41.7,591,668,88.5,199,278,71.6,3,2.1,0.9,17,95,26,4,94,965,29,9,5,142,71,42,9,3,1,0,631,160,203,86,858,25,8,10,810,3,20,11,31,Matches
Fernando,2019-2020,32,Sevilla,es ESP,1. La Liga,4th,29.5,1380,1536,89.8,29498,6699,28,40,70,911,994,91.6,441,502,87.8,3,0.6,2.4,11,87,7,3,75,1483,53,44,1,185,75,2,1,0,1,0,1066,266,204,166,1221,89,8,13,1380,3,18,10,8,Matches
Santi Cazorla,2018-2019,33,Villarreal,es ESP,1. La Liga,14th,29.4,1413,1744,81,29624,9487,16,31,51.6,992,1116,88.9,405,597,67.8,10,6.5,3.5,73,163,50,10,245,1541,203,82,5,256,123,158,114,19,29,5,1187,190,367,527,1143,57,7,4,1413,11,21,35,27,Matches
Santi Cazorla,2019-2020,34,Villarreal,es ESP,1. La Liga,5th,27.2,1414,1733,81.6,29753,8558,13,44,29.5,993,1111,89.4,408,578,70.6,9,6.6,2.4,66,190,49,10,230,1550,183,73,8,232,118,135,96,27,43,10,1135,228,370,549,1113,43,10,8,1414,10,30,28,31,Matches
Vicente Iborra,2018-2019,30,Villarreal,es ESP,1. La Liga,14th,18.5,632,787,80.3,11252,2576,11,28,39.3,499,600,83.2,122,159,76.7,1,0.7,0.3,5,50,7,0,51,771,16,14,3,198,17,1,0,0,0,0,515,156,116,131,529,59,2,13,632,3,13,23,17,Matches
Vicente Iborra,2019-2020,31,Villarreal,es ESP,1. La Liga,5th,29.4,1247,1446,86.2,25926,5676,20,36,55.6,879,979,89.8,348,431,80.7,2,0.6,1.4,8,110,5,0,89,1385,61,58,1,226,55,3,0,0,0,0,969,225,252,213,1071,92,3,12,1247,3,22,13,17,Matches
Manu Trigueros,2017-2018,25,Villarreal,es ESP,1. La Liga,5th,29.9,1564,1850,84.5,31563,8996,10,32,31.3,1156,1281,90.2,398,537,74.1,4,4.1,-0.1,48,178,32,7,179,1746,104,60,2,304,74,85,42,0,0,0,1422,130,298,437,1352,46,2,6,1564,11,21,25,42,Matches
Manu Trigueros,2018-2019,26,Villarreal,es ESP,1. La Liga,14th,17.2,863,1006,85.8,16473,4705,9,20,45,650,707,91.9,204,279,73.1,0,1.3,-1.3,14,95,19,0,92,958,48,35,2,118,18,27,13,1,0,0,763,109,134,255,700,42,0,3,863,5,9,14,12,Matches
Manu Trigueros,2019-2020,27,Villarreal,es ESP,1. La Liga,5th,17.2,784,918,85.4,14868,4323,15,33,45.5,598,663,90.2,171,222,77,4,3.9,0.1,31,103,19,0,97,869,49,25,6,165,18,29,20,3,11,1,652,136,130,237,621,43,2,6,784,5,4,14,15,Matches
Igor Zubeldia,2017-2018,20,Real Sociedad,es ESP,1. La Liga,12th,17.7,800,952,84,16930,2988,2,10,20,575,666,86.3,223,276,80.8,2,0.2,1.8,4,64,8,1,50,948,4,3,0,151,44,2,0,0,0,0,716,66,170,66,783,79,1,2,800,1,18,8,19,Matches
Igor Zubeldia,2018-2019,21,Real Sociedad,es ESP,1. La Liga,9th,28.3,1067,1232,86.6,21148,4369,15,30,50,784,875,89.6,268,327,82,1,0.6,0.4,6,81,8,2,74,1209,23,22,1,265,45,2,0,0,0,0,964,101,167,86,1039,63,1,4,1067,5,10,7,17,Matches
Igor Zubeldia,2019-2020,22,Real Sociedad,es ESP,1. La Liga,6th,29.3,1467,1670,87.8,30494,7561,13,29,44.8,1047,1125,93.1,407,516,78.9,1,0.5,0.5,5,79,1,0,109,1636,34,33,2,244,36,8,0,0,0,0,1324,126,220,103,1458,67,1,7,1467,4,18,17,18,Matches
Mikel Merino,2017-2018,21,Real Sociedad,eng ENG,1. Premier League,10th,15,638,802,79.6,12033,3548,21,33,63.6,481,573,83.9,136,196,69.4,1,0.6,0.4,15,73,11,1,79,792,10,8,1,149,20,4,1,0,0,0,547,106,149,664,57,56,1,3,638,2,18,11,20,Matches
Mikel Merino,2018-2019,22,Real Sociedad,es ESP,1. La Liga,9th,22.8,883,1113,79.3,16528,4836,18,37,48.6,677,802,84.4,188,274,68.6,3,1.8,1.2,15,111,21,7,124,1097,16,10,4,242,35,15,2,0,2,0,781,159,173,918,88,62,3,6,883,3,24,31,22,Matches
Mikel Merino,2019-2020,23,Real Sociedad,es ESP,1. La Liga,6th,34.9,1518,1973,76.9,27543,8983,37,77,48.1,1196,1451,82.4,285,445,64,1,2,-1,33,204,35,7,238,1938,35,27,1,488,47,34,1,0,0,1,1259,318,396,1566,160,95,5,17,1518,9,52,33,45,Matches
Martin Odegaard,2019-2020,20,Real Sociedad,es ESP,1. La Liga,6th,28.1,1308,1617,80.9,22526,6909,28,65,43.1,1056,1185,89.1,224,367,61,6,5.9,0.1,60,141,73,2,249,1433,184,89,10,292,48,117,80,33,21,8,1180,196,241,1416,145,30,12,6,1308,10,22,36,31,Matches
Yangel Herrera,2019-2020,21,Granada,es ESP,1. La Liga,7th,26.3,714,942,75.8,13566,4100,12,43,27.9,537,654,82.1,165,245,67.3,3,1.4,1.6,19,81,12,3,105,927,15,14,3,236,31,8,0,0,0,0,558,160,224,166,648,74,1,3,714,2,29,13,32,Matches
Yan Eteki,2019-2020,21,Granada,es ESP,1. La Liga,7th,16.7,338,427,79.2,6083,1473,14,28,50,254,299,84.9,70,100,70,0,0.1,-0.1,3,36,2,0,31,420,7,6,0,107,8,0,0,0,0,0,271,75,81,28,357,17,0,4,338,1,14,5,10,Matches
Nemanja Maksimovic,2017-2018,22,Valencia,es ESP,1. La Liga,4th,6.2,217,262,82.8,3791,893,1,1,100,184,210,87.6,32,51,62.7,0,0.4,-0.4,9,15,6,1,21,261,1,1,0,40,6,6,0,0,0,0,194,17,51,16,212,24,0,3,217,1,12,3,2,Matches
Nemanja Maksimovic,2018-2019,23,Getafe,es ESP,1. La Liga,5th,35.7,583,779,74.8,9775,2540,35,54,64.8,439,564,77.8,109,161,67.7,0,0.7,-0.7,13,54,10,0,73,740,39,16,1,157,20,4,0,0,0,0,428,141,210,65,531,116,0,5,583,5,23,10,16,Matches
Nemanja Maksimovic,2019-2020,24,Getafe,es ESP,1. La Liga,8th,32.2,534,730,73.2,8991,2048,45,68,66.2,377,503,75,112,159,70.4,0,0.9,-0.9,13,39,11,2,49,664,66,24,1,157,9,9,0,0,0,0,377,162,191,54,506,117,4,4,534,3,19,8,20,Matches
Mauro Arambarri,2017-2018,21,Getafe,es ESP,1. La Liga,8th,23.6,452,658,68.7,10622,2530,5,15,33.3,268,361,74.2,179,282,63.5,2,1,1,7,57,4,1,51,651,7,2,1,119,45,6,0,0,0,0,360,65,233,63,513,69,2,1,452,6,25,22,20,Matches
Mauro Arambarri,2018-2019,22,Getafe,es ESP,1. La Liga,5th,29.7,560,804,69.7,12668,3657,17,39,43.6,346,454,76.2,197,311,63.3,2,1.7,0.3,15,74,8,2,100,775,29,19,0,146,65,24,2,0,2,0,369,136,299,98,597,67,3,6,560,7,23,14,25,Matches
Mauro Arambarri,2019-2020,23,Getafe,es ESP,1. La Liga,8th,34.1,649,972,66.8,14047,3445,21,53,39.6,430,596,72.1,198,323,61.3,1,1.7,-0.7,13,93,20,5,95,926,46,26,1,202,78,45,15,3,3,0,420,192,360,98,704,111,2,5,649,6,36,6,32,Matches
Parejo,2017-2018,28,Valencia,es ESP,1. La Liga,4th,33.3,2003,2450,81.8,42781,15663,18,34,52.9,1407,1594,88.3,578,822,70.3,8,5.3,2.7,67,285,35,2,375,2150,300,132,5,487,142,169,156,0,0,0,1848,150,452,125,2246,51,9,5,2003,14,37,57,48,Matches
Parejo,2018-2019,29,Valencia,es ESP,1. La Liga,4th,34,1967,2407,81.7,41806,15604,15,50,30,1387,1548,89.6,565,809,69.8,7,7.2,-0.2,79,258,41,6,389,2082,325,157,4,327,149,188,166,14,20,8,1674,276,457,181,2135,69,1,5,1967,12,39,47,42,Matches
Parejo,2019-2020,30,Valencia,es ESP,1. La Liga,9th,33.6,1980,2398,82.6,43908,14576,28,61,45.9,1293,1430,90.4,659,907,72.7,3,4.1,-1.1,60,233,30,4,332,2075,323,179,2,363,181,161,140,38,62,10,1539,354,505,232,2080,57,4,13,1980,13,43,47,38,Matches
Kondogbia,2017-2018,24,Valencia,es ESP,1. La Liga,4th,29,1333,1549,86.1,27028,6564,8,17,47.1,972,1090,89.2,353,442,79.9,3,2.1,0.9,18,147,15,0,149,1532,17,15,3,371,59,3,0,0,0,0,1224,97,228,1229,251,41,1,4,1333,6,31,35,16,Matches
Kondogbia,2018-2019,25,Valencia,es ESP,1. La Liga,4th,13.8,638,752,84.8,14025,3252,4,18,22.2,438,489,89.6,196,245,80,1,0.8,0.2,6,77,11,0,69,742,10,10,1,135,49,0,0,0,0,0,555,78,119,600,121,18,0,1,638,2,8,18,12,Matches
Kondogbia,2019-2020,26,Valencia,es ESP,1. La Liga,9th,20.1,946,1114,84.9,19637,4245,18,24,75,665,750,88.7,263,340,77.4,1,0.2,0.8,6,87,4,0,82,1081,33,33,1,214,72,0,0,0,0,0,794,117,203,894,142,52,0,4,946,5,25,16,9,Matches
Coquelin,2017-2018,26,Valencia,es ESP,1. La Liga,4th,7.3,258,314,82.2,4726,1402,2,5,40,207,241,85.9,49,68,72.1,0,0.1,-0.1,2,33,1,0,31,311,3,2,0,85,11,2,0,0,0,0,230,35,49,30,246,25,1,1,258,5,8,6,6,Matches
Coquelin,2018-2019,27,Valencia,es ESP,1. La Liga,4th,19.6,840,974,86.2,16494,4326,8,21,38.1,637,705,90.4,195,248,78.6,1,0.6,0.4,16,89,7,0,76,946,28,27,1,187,54,1,0,0,0,0,723,107,144,107,795,45,1,2,840,4,11,19,12,Matches
Coquelin,2019-2020,28,Valencia,es ESP,1. La Liga,9th,21.2,885,984,89.9,17359,3670,12,20,60,672,711,94.5,201,253,79.4,0,0.2,-0.2,7,87,8,0,60,958,26,23,0,151,47,3,0,0,0,0,730,110,144,141,793,31,3,3,885,1,19,14,7,Matches
Fran Merida,2019-2020,29,Osasuna,es ESP,1. La Liga,10th,12.9,581,770,75.5,13527,4091,8,21,38.1,371,453,81.9,202,296,68.2,1,0.3,0.7,8,83,10,2,90,732,38,29,1,116,53,21,4,1,2,0,423,131,216,626,94,36,3,4,581,3,29,12,14,Matches
Brasanac,2017-2018,25,Alavas,es ESP,1. La Liga,17th,13.4,332,439,75.6,5617,1636,6,15,40,276,341,80.9,50,83,60.2,0,0.6,-0.6,16,28,8,3,39,423,16,11,1,85,7,10,2,0,0,0,313,46,80,83,301,37,3,3,332,4,15,4,15,Matches
Brasanac,2018-2019,26,Alavas,es ESP,1. La Liga,11th,17.6,494,617,80.1,8965,2371,9,25,36,380,442,86,105,150,70,1,0.3,0.7,9,44,5,1,48,598,19,9,0,99,8,14,3,1,0,0,411,89,117,97,423,69,4,3,494,0,12,13,16,Matches
Brasanac,2019-2020,27,Osasuna,es ESP,1. La Liga,10th,24.9,576,772,74.6,9704,2418,18,55,32.7,458,577,79.4,100,140,71.4,1,1.6,-0.6,19,51,9,2,62,760,12,9,2,163,11,15,0,0,0,0,472,171,129,151,501,82,3,7,576,4,19,11,35,Matches
Unai Lopez,2018-2019,22,Athletic Club,es ESP,1. La Liga,8th,3.6,214,250,85.6,4515,906,2,3,66.7,145,162,89.5,67,85,78.8,0,0.3,-0.3,2,28,7,2,19,245,5,3,0,35,12,12,1,0,0,0,189,19,42,12,229,8,1,0,214,0,3,5,2,Matches
Unai Lopez,2019-2020,23,Athletic Club,es ESP,1. La Liga,11th,19.9,1004,1210,83,20814,4227,25,42,59.5,685,738,92.8,294,430,68.4,4,3.1,0.9,36,77,19,5,110,1074,136,62,4,149,79,101,55,13,22,9,769,172,269,42,1106,34,5,4,1004,1,20,8,18,Matches
Dani Garcia,2017-2018,27,Eibar,es ESP,1. La Liga,9th,30.8,1298,1618,80.2,29066,6028,10,28,35.7,852,1029,82.8,436,561,77.7,1,1.3,-0.3,18,163,12,4,139,1589,29,24,1,265,71,12,1,0,0,0,1022,199,397,252,1154,176,3,6,1298,2,46,29,21,Matches
Dani Garcia,2018-2019,28,Athletic Club,es ESP,1. La Liga,8th,27.5,1165,1391,83.8,23655,5097,10,25,40,846,960,88.1,309,406,76.1,1,0.2,0.8,5,101,3,0,84,1353,38,31,0,197,46,5,2,0,0,0,911,185,295,214,1030,108,4,5,1165,2,19,10,19,Matches
Dani Garcia,2019-2020,29,Athletic Club,es ESP,1. La Liga,11th,33.7,1225,1471,83.3,26372,5815,20,39,51.3,840,961,87.4,365,471,77.5,1,1.2,-0.2,15,109,4,1,100,1433,38,34,1,226,66,5,0,0,0,0,898,250,323,172,1110,137,3,10,1225,8,39,11,15,Matches
Melero,2018-2019,24,Levante,es ESP,1. La Liga,19th,14.9,623,714,87.3,10492,2608,7,17,41.2,511,567,90.1,105,130,80.8,1,1.1,-0.1,21,67,6,0,64,705,9,4,2,106,9,3,0,0,0,0,584,73,57,70,592,33,1,3,623,2,12,18,10,Matches
Melero,2019-2020,25,Levante,es ESP,1. La Liga,12th,13.7,458,548,83.6,7380,2132,11,24,45.8,389,442,88,58,82,70.7,1,0.8,0.2,9,39,9,0,55,533,15,9,3,96,9,2,0,0,0,0,396,86,66,51,446,32,1,5,458,3,10,4,10,Matches
Vukcevic,2018-2019,26,Levante,es ESP,1. La Liga,15th,7.4,206,251,82.1,3537,1097,4,5,80,166,197,84.3,36,49,73.5,0,0.2,-0.2,1,15,1,0,24,247,4,4,1,28,2,0,0,0,0,0,172,41,38,198,23,25,0,0,206,0,6,3,4,Matches
Vukcevic,2019-2020,27,Levante,es ESP,1. La Liga,12th,17.4,576,655,87.9,11400,2365,6,13,46.2,419,458,91.5,151,184,82.1,2,0.2,1.8,7,39,4,0,37,636,19,17,3,86,23,2,0,0,0,0,466,110,79,535,59,43,2,1,576,1,14,5,7,Matches
Fede San Emeterio,2019-2020,22,Valladolid,es ESP,1. La Liga,13th,19.5,558,683,81.7,10576,2518,12,27,44.4,421,481,87.5,125,175,71.4,0,0.3,-0.3,5,42,1,0,41,674,9,9,0,127,19,4,0,0,0,0,414,127,142,51,543,57,0,4,558,1,10,3,14,Matches
Exposito,2019-2020,22,Eibar,es ESP,1. La Liga,14th,25.7,759,933,81.4,14891,3121,8,26,30.8,557,650,85.7,194,257,75.5,1,1.2,-0.2,19,82,14,3,70,909,24,14,1,177,32,19,2,0,2,0,614,146,173,139,685,71,2,3,759,2,23,10,20,Matches
Edgar,2019-2020,22,Betis,es ESP,1. La Liga,15th,7.6,310,347,89.3,6142,1168,2,11,18.2,235,249,94.4,73,87,83.9,0,0,0,0,9,0,0,15,342,5,5,0,58,9,0,0,0,0,0,266,42,39,79,237,18,0,1,310,0,5,0,8,Matches
Guardado,2017-2018,30,Betis,es ESP,1. La Liga,6th,25.2,1269,1533,82.8,25354,6100,10,36,27.8,950,1058,89.8,309,439,70.4,8,4.4,3.6,41,131,30,9,151,1440,93,45,4,252,72,91,41,0,0,0,1119,116,298,1309,158,45,5,7,1269,1,33,22,38,Matches
Guardado,2018-2019,31,Betis,es ESP,1. La Liga,10th,25.9,1439,1659,86.7,27490,5969,7,27,25.9,1126,1225,91.9,306,407,75.2,4,4.1,-0.1,32,112,32,4,135,1553,106,44,7,279,60,49,28,2,8,0,1183,211,265,1412,151,49,33,7,1439,5,17,24,26,Matches
Guardado,2019-2020,32,Betis,es ESP,1. La Liga,15th,22.7,876,1042,84.1,17718,3767,13,35,37.1,637,707,90.1,226,300,75.3,3,2.5,0.5,28,88,15,4,82,1005,37,17,0,190,37,20,2,1,1,0,684,171,187,862,112,38,17,3,876,6,24,17,17,Matches
Alena,2019-2020,21,Betis,es ESP,1. La Liga,15th,8.2,333,389,85.6,6532,1239,5,16,31.3,232,265,87.5,96,108,88.9,0,0.2,-0.2,4,44,4,1,33,384,5,3,0,79,11,3,0,0,0,0,306,48,35,336,36,10,2,2,333,2,2,6,8,Matches
William Carvalho,2018-2019,26,Betis,es ESP,1. La Liga,10th,26.5,1704,1911,89.2,31916,7781,24,46,52.2,1333,1451,91.9,347,414,83.8,5,1.9,3.1,17,202,28,0,179,1874,37,35,9,359,53,3,0,0,0,0,1526,190,195,244,1586,47,1,5,1704,4,17,38,21,Matches
William Carvalho,2019-2020,27,Betis,es ESP,1. La Liga,15th,9.9,564,634,89,10681,2488,14,22,63.6,422,462,91.3,128,150,85.3,0,0.9,-0.9,8,57,6,0,44,615,19,19,1,74,23,1,0,0,0,0,483,81,70,111,496,12,0,2,564,2,5,11,8,Matches
Guido Rodriguez,2019-2020,25,Betis,es ESP,1. La Liga,15th,10.4,442,514,86,8748,2050,5,15,33.3,316,356,88.8,121,143,84.6,0,0,0,2,38,5,1,34,494,20,20,0,85,20,1,0,0,0,0,344,79,91,38,432,31,0,1,442,0,4,6,9,Matches
Manu Garcia,2017-2018,31,Alavas,es ESP,1. La Liga,14th,27.1,724,997,72.6,13562,3815,10,34,29.4,571,723,79,143,240,59.6,0,1.3,-1.3,15,92,5,2,69,979,18,7,1,233,26,12,0,0,0,0,650,105,242,564,269,118,8,2,724,7,34,19,27,Matches
Manu Garcia,2018-2019,32,Alavas,es ESP,1. La Liga,11th,25.9,718,951,75.5,12736,3586,26,54,48.1,550,694,79.3,142,203,70,1,0.9,0.1,12,77,6,2,85,932,19,13,0,186,26,16,0,0,0,0,600,131,220,508,260,123,5,6,718,4,36,12,29,Matches
Manu Garcia,2019-2020,33,Alavas,es ESP,1. La Liga,16th,21.9,521,710,73.4,9535,2300,11,41,26.8,403,501,80.4,107,168,63.7,0,0.1,-0.1,2,46,2,0,49,698,12,11,1,172,19,4,0,0,0,0,411,122,177,354,214,101,0,3,521,2,30,6,26,Matches
Rafinha,2017-2018,24,Barcelona,it ITA,1. Serie A,4th,11.6,652,740,88.1,11186,2213,13,21,61.9,528,577,91.5,111,142,78.2,2,3,-1,25,58,19,2,71,720,20,5,1,211,15,18,1,0,1,0,593,79,68,590,120,12,4,10,652,2,12,11,9,Matches
Rafinha,2018-2019,25,Barcelona,es ESP,1. La Liga,1st,2.5,137,152,90.1,2282,354,1,1,100,117,128,91.4,19,23,82.6,0,0,0,2,11,2,0,10,146,6,5,0,32,2,3,1,0,0,0,133,7,12,128,16,3,0,2,137,0,0,3,0,Matches
Rafinha,2019-2020,26,Celta Vigo,es ESP,1. La Liga,17th,23.5,1138,1317,86.4,19331,4441,35,67,52.2,897,986,91,206,264,78,1,1.5,-0.5,20,93,28,1,109,1261,56,42,3,402,34,27,4,2,0,0,1004,165,148,1063,175,28,8,19,1138,4,13,17,29,Matches
Denis Suarez,2017-2018,23,Barcelona,es ESP,1. La Liga,1st,6.7,311,379,82.1,4647,1258,2,12,16.7,275,315,87.3,34,52,65.4,2,2.2,-0.2,14,14,13,1,35,355,24,4,1,54,7,22,19,1,0,1,332,10,37,48,324,4,1,1,311,2,3,11,10,Matches
Denis Suarez,2018-2019,24,Barcelona,es ESP,1. La Liga,1st,0.2,14,20,70,225,62,0,2,0,12,16,75,2,2,100,0,0.1,-0.1,1,0,2,1,2,17,3,0,0,6,0,1,1,0,0,0,16,3,1,0,17,0,2,0,14,0,0,1,2,Matches
Denis Suarez,2019-2020,25,Celta Vigo,es ESP,1. La Liga,17th,18.1,664,876,75.8,11383,3793,13,52,25,529,616,85.9,122,208,58.7,5,4.6,0.4,43,64,35,10,113,777,99,28,6,168,40,95,58,17,25,10,602,127,147,128,715,14,13,4,664,4,10,11,44,Matches
Aidoo,2019-2020,23,Celta Vigo,es ESP,1. La Liga,17th,27.8,1073,1223,87.7,23981,6712,6,23,26.1,688,752,91.5,379,448,84.6,1,1,0,2,61,2,0,64,1177,46,38,1,169,31,1,0,0,0,0,954,105,164,232,904,52,8,3,1073,0,14,6,18,Matches
Ruben Perez,2019-2020,30,Leganes,es ESP,1. La Liga,18th,24.4,895,1142,78.4,17933,5556,17,45,37.8,652,769,84.8,226,328,68.9,1,0.5,0.5,8,97,9,0,112,1097,45,38,2,214,34,7,0,0,0,0,667,196,279,56,981,71,2,2,895,9,21,11,30,Matches
Salva Sevilla,2019-2020,35,Mallorca,es ESP,1. La Liga,19th,28.5,1446,1745,82.9,25781,8606,44,66,66.7,1109,1214,91.4,293,465,63,3,3.6,-0.6,54,156,15,0,215,1427,318,156,2,280,80,128,113,40,36,6,1170,224,351,193,1477,49,10,9,1446,7,31,15,30,Matches
Iddrisu,2019-2020,23,Mallorca,es ESP,1. La Liga,19th,32.3,1046,1285,81.4,19955,5377,20,50,40,777,905,85.9,249,330,75.5,0,0.2,-0.2,6,99,6,1,104,1257,28,27,1,311,23,2,0,0,0,0,954,159,172,70,1084,72,1,8,1046,2,17,23,33,Matches
Marc Roca,2017-2018,20,Espanyol,es ESP,1. La Liga,11th,3,146,169,86.4,2914,798,2,3,66.7,108,120,90,36,46,78.3,0,0,0,2,16,0,0,12,163,6,4,0,28,9,1,2,0,0,0,133,11,25,123,37,8,0,1,146,1,5,3,0,Matches
Marc Roca,2018-2019,21,Espanyol,es ESP,1. La Liga,7th,34.6,1696,1937,87.6,34899,10283,14,27,51.9,1200,1340,89.6,482,570,84.6,2,2.8,-0.8,23,195,27,2,209,1865,72,67,8,290,63,5,2,0,0,0,1436,189,312,1475,344,91,2,4,1696,2,18,22,21,Matches
Marc Roca,2019-2020,22,Espanyol,es ESP,1. La Liga,20th,33.4,1389,1731,80.2,29813,9464,26,55,47.3,958,1094,87.6,405,582,69.6,1,2.4,-1.4,26,218,23,5,237,1653,78,59,6,232,90,57,16,7,6,1,1045,216,470,1287,307,103,1,10,1389,6,30,15,29,Matches
